<?xml version="1.0" encoding="UTF-8"?>
<project-private xmlns="http://www.netbeans.org/ns/project-private/1">
    <editor-bookmarks xmlns="http://www.netbeans.org/ns/editor-bookmarks/2" lastBookmarkId="0"/>
    <open-files xmlns="http://www.netbeans.org/ns/projectui-open-files/2">
        <group>
            <file>file:/C:/Users/vitor/OneDrive/Documentos/NetBeansProjects/Main/src/Carro.java</file>
            <file>file:/C:/Users/vitor/OneDrive/Documentos/NetBeansProjects/Main/src/Bike.java</file>
            <file>file:/C:/Users/vitor/OneDrive/Documentos/NetBeansProjects/Main/src/Main.java</file>
            <file>file:/C:/Users/vitor/OneDrive/Documentos/NetBeansProjects/Main/src/Veiculo.java</file>
            <file>file:/C:/Users/vitor/OneDrive/Documentos/NetBeansProjects/Main/src/Mundo.java</file>
            <file>file:/C:/Users/vitor/OneDrive/Documentos/NetBeansProjects/Main/src/Moto.java</file>
            <file>file:/C:/Users/vitor/OneDrive/Documentos/NetBeansProjects/Main/src/Caminhao.java</file>
        </group>
    </open-files>
</project-private>
